{
  "EL708": [
    -73.987733,
    40.693076
  ],
  "EL707": [
    -73.987818,
    40.692668
  ],
  "EL706": [
    -73.987472,
    40.692355
  ],
  "EL709": [
    -73.987831,
    40.692743
  ],
  "EL213": [
    -73.988163,
    40.749622
  ],
  "EL212": [
    -73.988743,
    40.750453
  ],
  "EL211": [
    -73.989049,
    40.750105
  ],
  "EL210": [
    -73.988044,
    40.751035
  ],
  "EL209": [
    -73.988145,
    40.75101
  ],
  "EL495X": [
    -73.830016,
    40.660393
  ],
  "EL490X": [
    -73.830528,
    40.660481
  ],
  "EL491X": [
    -73.830523,
    40.660475
  ],
  "EL492X": [
    -73.829951,
    40.660404
  ],
  "EL493X": [
    -73.829977,
    40.660435
  ],
  "EL494X": [
    -73.830032,
    40.660425
  ],
  "EL732": [
    -74.007281,
    40.70947
  ],
  "EL721": [
    -74.008699,
    40.710321
  ],
  "EL720": [
    -74.008624,
    40.710389
  ],
  "EL719": [
    -74.006902,
    40.710095
  ],
  "EL716": [
    -74.009037,
    40.710428
  ],
  "EL717X": [
    -74.00921,
    40.710482
  ],
  "EL729X": [
    -74.010116,
    40.710368
  ],
  "EL718X": [
    -74.009169,
    40.71052
  ],
  "EL186": [
    -73.901064,
    40.862573
  ],
  "EL188": [
    -73.900454,
    40.862936
  ],
  "EL187": [
    -73.900387,
    40.86301
  ],
  "EL232": [
    -73.986036,
    40.755298
  ],
  "EL125": [
    -73.937201,
    40.80439
  ],
  "EL126": [
    -73.936866,
    40.80453
  ],
  "EL245": [
    -73.972096,
    40.758391
  ],
  "EL202": [
    -73.971718,
    40.758169
  ],
  "EL201": [
    -73.969165,
    40.7574
  ],
  "EL279X": [
    -73.984387,
    40.743303
  ],
  "EL515": [
    -73.904149,
    40.812055
  ],
  "EL516": [
    -73.904126,
    40.812148
  ],
  "EL198": [
    -73.845958,
    40.870085
  ],
  "EL199": [
    -73.846024,
    40.870117
  ],
  "EL183": [
    -73.866428,
    40.877698
  ],
  "EL182": [
    -73.86631,
    40.877669
  ],
  "EL784": [
    -73.981653,
    40.667231
  ],
  "EL129": [
    -73.91798,
    40.815964
  ],
  "EL130": [
    -73.917787,
    40.816247
  ],
  "EL204": [
    -73.977078,
    40.752079
  ],
  "EL136": [
    -73.867795,
    40.856573
  ],
  "EL138": [
    -73.867275,
    40.856282
  ],
  "EL137": [
    -73.867273,
    40.8564
  ],
  "EL206": [
    -73.977193,
    40.752846
  ],
  "EL722": [
    -74.007435,
    40.710138
  ],
  "EL755": [
    -73.96441,
    40.671862
  ],
  "EL757": [
    -73.964481,
    40.671618
  ],
  "EL756": [
    -73.964374,
    40.671602
  ],
  "EL34X": [
    -73.99115,
    40.751081
  ],
  "EL469": [
    -73.944269,
    40.747079
  ],
  "EL446": [
    -73.945405,
    40.746135
  ],
  "EL447": [
    -73.944501,
    40.747075
  ],
  "EL326": [
    -74.009134,
    40.713107
  ],
  "EL23X": [
    -74.0108,
    40.712266
  ],
  "EL405": [
    -73.942348,
    40.754288
  ],
  "EL407": [
    -73.9427,
    40.754534
  ],
  "EL406": [
    -73.942569,
    40.754635
  ],
  "ramp": [
    -73.957593,
    40.675211
  ],
  "EL300X": [
    -73.976588,
    40.685088
  ],
  "EL303": [
    -73.976249,
    40.683179
  ],
  "EL302": [
    -73.976343,
    40.683188
  ],
  "EL307": [
    -73.976149,
    40.683085
  ],
  "EL306": [
    -73.976259,
    40.683104
  ],
  "EL305": [
    -73.976019,
    40.683137
  ],
  "EL304": [
    -73.976135,
    40.683157
  ],
  "EL737X": [
    -73.976494,
    40.685092
  ],
  "EL128": [
    -73.892889,
    40.824395
  ],
  "EL127": [
    -73.893014,
    40.823891
  ],
  "EL208X": [
    -73.986841,
    40.76234
  ],
  "EL207X": [
    -73.98689,
    40.761856
  ],
  "EL298": [
    -73.986112,
    40.740188
  ],
  "EL299": [
    -73.986567,
    40.740378
  ],
  "EL771": [
    -73.900514,
    40.663814
  ],
  "EL772": [
    -73.900965,
    40.663964
  ],
  "EL324": [
    -74.000138,
    40.718304
  ],
  "EL325": [
    -74.000604,
    40.718634
  ],
  "EL200X": [
    -73.988734,
    40.748769
  ],
  "EL121": [
    -73.827156,
    40.852989
  ],
  "EL122": [
    -73.826948,
    40.852886
  ],
  "EL391": [
    -73.957846,
    40.708612
  ],
  "EL392": [
    -73.958061,
    40.70831
  ],
  "EL480": [
    -73.796924,
    40.590927
  ],
  "EL180": [
    -73.940634,
    40.814175
  ],
  "EL181": [
    -73.941159,
    40.814005
  ],
  "EL247": [
    -73.947879,
    40.78408
  ],
  "EL248": [
    -73.947577,
    40.783944
  ],
  "EL220": [
    -73.98943,
    40.734819
  ],
  "EL219": [
    -73.989368,
    40.734902
  ],
  "EL218": [
    -73.98879,
    40.734634
  ],
  "EL344": [
    -73.929849,
    40.679507
  ],
  "EL346": [
    -73.930205,
    40.67969
  ],
  "EL345": [
    -73.930188,
    40.679813
  ],
  "EL408": [
    -73.816836,
    40.70158
  ],
  "EL409": [
    -73.816378,
    40.701252
  ],
  "EL359": [
    -73.957583,
    40.717881
  ],
  "EL358": [
    -73.957753,
    40.717402
  ],
  "EL341": [
    -73.871877,
    40.675584
  ],
  "EL343": [
    -73.871544,
    40.675968
  ],
  "EL342": [
    -73.871504,
    40.675848
  ],
  "EL760": [
    -73.957751,
    40.608874
  ],
  "EL761": [
    -73.95779,
    40.60886
  ],
  "EL268X": [
    -73.98343,
    40.760482
  ],
  "EL195": [
    -73.890945,
    40.820656
  ],
  "EL197": [
    -73.890695,
    40.820807
  ],
  "EL196": [
    -73.890615,
    40.820787
  ],
  "EL178": [
    -73.925115,
    40.861288
  ],
  "EL179": [
    -73.925085,
    40.861291
  ],
  "EL382": [
    -73.962113,
    40.660791
  ],
  "EL383": [
    -73.962158,
    40.660787
  ],
  "EL398": [
    -73.911743,
    40.699694
  ],
  "EL744X": [
    -73.98555,
    40.690654
  ],
  "EL747X": [
    -73.985802,
    40.688978
  ],
  "EL234": [
    -73.981052,
    40.759397
  ],
  "EL236": [
    -73.981071,
    40.75974
  ],
  "EL235": [
    -73.981004,
    40.759813
  ],
  "EL723": [
    -74.006594,
    40.709564
  ],
  "EL726X": [
    -74.011017,
    40.711293
  ],
  "EL727X": [
    -74.010979,
    40.711316
  ],
  "EL18X": [
    -74.011058,
    40.711251
  ],
  "EL17X": [
    -74.011048,
    40.711355
  ],
  "EL16X": [
    -74.011083,
    40.711319
  ],
  "EL14X": [
    -74.011907,
    40.711823
  ],
  "EL736": [
    -74.012561,
    40.710839
  ],
  "EL713": [
    -74.011366,
    40.711569
  ],
  "EL712": [
    -74.011312,
    40.711545
  ],
  "EL13X": [
    -74.011411,
    40.711602
  ],
  "EL12X": [
    -74.011463,
    40.711627
  ],
  "EL159": [
    -73.872972,
    40.841424
  ],
  "EL160": [
    -73.872861,
    40.841508
  ],
  "EL123": [
    -73.939365,
    40.84796
  ],
  "EL124": [
    -73.939335,
    40.847388
  ],
  "EL422": [
    -73.890873,
    40.746734
  ],
  "EL421": [
    -73.890949,
    40.746725
  ],
  "EL370": [
    -73.98115,
    40.689805
  ],
  "EL372": [
    -73.980936,
    40.690368
  ],
  "EL371": [
    -73.980947,
    40.690618
  ],
  "EL489X": [
    -73.835506,
    40.672069
  ],
  "EL259": [
    -73.958151,
    40.768294
  ],
  "EL437": [
    -73.84475,
    40.721502
  ],
  "EL439": [
    -73.845028,
    40.721152
  ],
  "EL438": [
    -73.844879,
    40.721101
  ],
  "EL431": [
    -73.783381,
    40.712609
  ],
  "EL433": [
    -73.782906,
    40.712363
  ],
  "EL432": [
    -73.782944,
    40.712418
  ],
  "EL481": [
    -73.797148,
    40.590726
  ],
  "EL506": [
    -73.917721,
    40.840022
  ],
  "EL508": [
    -73.917619,
    40.839904
  ],
  "EL507": [
    -73.917569,
    40.839962
  ],
  "EL223": [
    -74.001485,
    40.739909
  ],
  "EL222": [
    -74.001623,
    40.739975
  ],
  "EL221": [
    -74.002727,
    40.739946
  ],
  "EL436": [
    -73.831353,
    40.713561
  ],
  "EL435": [
    -73.831248,
    40.713632
  ],
  "EL434": [
    -73.831066,
    40.713991
  ],
  "EL728X": [
    -74.009678,
    40.710381
  ],
  "EL184": [
    -73.905075,
    40.87897
  ],
  "EL185": [
    -73.904667,
    40.878722
  ],
  "EL414": [
    -73.829005,
    40.759921
  ],
  "EL745": [
    -74.028349,
    40.622575
  ],
  "EL746": [
    -74.028047,
    40.622188
  ],
  "EL292": [
    -73.980743,
    40.730685
  ],
  "EL293": [
    -73.980976,
    40.730571
  ],
  "EL464": [
    -73.917179,
    40.771031
  ],